Date,Minimum temperature (°C),Maximum temperature (°C),Rainfall (mm),Evaporation (mm),Sunshine (hours),Direction of maximum wind gust,Speed of maximum wind gust (km/h),Time of maximum wind gust,9am Temperature (°C),9am relative humidity (%),9am cloud amount (oktas),9am wind direction,9am wind speed (km/h),9am MSL pressure (hPa),3pm Temperature (°C),3pm relative humidity (%),3pm cloud amount (oktas),3pm wind direction,3pm wind speed (km/h),3pm MSL pressure (hPa),SOURCE_FILE
1/08/2025,8.3,14.2,2.6,3,0,SSE,50,15:07,11.3,86,7,SSW,24,1023.7,13.7,82,7,SSW,33,1020.5,IDCJDW2125.202508.csv
2/08/2025,11.2,17.5,22.2,0.6,0,SE,80,18:52,13.1,93,8,SE,13,1020.6,15.4,87,8,SE,43,1016.9,IDCJDW2125.202508.csv
3/08/2025,12.6,16.5,8.6,4.6,0.8,SE,63,1:40,15.1,86,8,SSE,37,1021.5,14.9,96,8,S,30,1021.1,IDCJDW2125.202508.csv
4/08/2025,12.8,17.3,28.4,3.6,6.7,SW,43,6:22,14.8,96,6,SSW,7,1023.2,16.7,84,6,SSE,15,1020.5,IDCJDW2125.202508.csv
5/08/2025,10.6,22.6,1,2.4,6.7,W,39,22:09,12.4,96,3,WNW,20,1018.7,21.7,40,3,WNW,13,1015,IDCJDW2125.202508.csv
6/08/2025,9.9,19.2,0,2.8,9.6,W,44,11:22,13.4,55,2,W,31,1020.9,18.5,33,1,WSW,19,1019.3,IDCJDW2125.202508.csv
7/08/2025,9.9,15.9,1.4,3.2,1.3,SSW,44,6:36,12.6,92,7,WSW,15,1028.2,15.5,62,6,SSE,28,1028.2,IDCJDW2125.202508.csv
8/08/2025,9.2,16.6,0,2.2,5.4,SSW,48,21:19,13.4,77,7,WSW,11,1033.1,15.1,74,8,S,26,1031.3,IDCJDW2125.202508.csv
9/08/2025,12,16,50.6,2,4.2,S,48,16:13,13.2,96,8,SSW,28,1032.8,14.3,89,6,S,15,1029.6,IDCJDW2125.202508.csv
10/08/2025,11.2,16.2,26.8,3.6,1.3,SE,50,17:31,13.1,92,7,SSW,20,1029.3,13.7,89,7,SSW,24,1027.4,IDCJDW2125.202508.csv
11/08/2025,10.5,14.9,18.6,1.6,2.8,SSW,41,6:22,11.8,94,7,S,15,1028.4,14,76,7,E,13,1025.9,IDCJDW2125.202508.csv
12/08/2025,7.6,16.5,5.4,1.4,9.5,S,30,13:41,12.1,76,1,WNW,15,1026.2,16,70,3,S,19,1023.8,IDCJDW2125.202508.csv
13/08/2025,8.5,,0,1.6,6.7,SSW,50,20:28,12.9,76,1,NW,13,1025.7,17.5,54,8,SE,17,1023.2,IDCJDW2125.202508.csv
14/08/2025,11.4,14.2,23.2,1.6,0,S,56,0:18,12.9,76,6,SSW,30,1026,12.7,96,8,SSW,20,1024.9,IDCJDW2125.202508.csv
15/08/2025,10.1,19.8,16,0.8,8.1,NNW,28,13:38,13.7,90,3,NNW,7,1022.1,19.1,57,7,NNW,13,1016.4,IDCJDW2125.202508.csv
16/08/2025,10.4,18.6,0,1,8.2,WSW,46,16:17,14.8,65,1,SW,11,1013.5,17.9,37,5,WSW,26,1010.5,IDCJDW2125.202508.csv
17/08/2025,6.5,16.5,0,4,10.1,WSW,39,3:08,11.3,53,3,WSW,20,1018.8,15.4,40,1,S,17,1017.4,IDCJDW2125.202508.csv
18/08/2025,6.4,13.6,0,5.2,3.1,SSW,50,9:51,11.3,56,2,WSW,19,1025.5,10.1,90,8,SW,24,1027.2,IDCJDW2125.202508.csv
19/08/2025,9.4,14.8,27,2.2,3.6,SSW,43,10:53,11.1,94,5,NW,15,1031.7,14.1,87,7,SSW,28,1029.3,IDCJDW2125.202508.csv
20/08/2025,11,15.9,19.8,2,0,E,46,13:52,13.6,82,7,SSE,22,1032.3,13.7,86,8,ENE,13,1029.6,IDCJDW2125.202508.csv
21/08/2025,12.4,17.3,51.6,1.8,0,ENE,65,10:28,15.9,86,8,ENE,17,1027.6,15.7,88,8,ENE,39,1024.6,IDCJDW2125.202508.csv
22/08/2025,11.5,16.8,30.6,0.6,0.5,SW,33,20:27,13.8,97,7,WNW,13,1024,16.6,86,7,SE,11,1020.3,IDCJDW2125.202508.csv
23/08/2025,12.1,18.6,7.4,0.6,10.1,SSW,59,11:45,15.6,69,4,WSW,22,1017.8,17.8,61,2,SSW,41,1018.1,IDCJDW2125.202508.csv
24/08/2025,11.7,19.1,0,4.4,5.7,SSW,48,0:17,13.9,52,1,W,22,1021.8,16.7,60,6,WSW,11,1017.7,IDCJDW2125.202508.csv
25/08/2025,13.4,20.8,0,2.8,1.8,W,44,6:14,15.7,69,7,W,19,1019,18.8,79,7,SSE,17,1016.8,IDCJDW2125.202508.csv
26/08/2025,13.1,22.7,0,2.4,9.8,NNE,52,17:53,19.2,69,1,NNE,17,1017.1,21.5,67,4,NE,31,1010,IDCJDW2125.202508.csv
27/08/2025,17.7,22.1,0,4.8,2.8,WNW,74,13:36,20.5,55,7,NNW,20,1002.4,16.8,46,6,WNW,44,1002.6,IDCJDW2125.202508.csv
28/08/2025,11.3,20.3,0,6,,WNW,78,14:26,15.3,36,1,NW,19,1006.7,19.2,25,1,WNW,57,1004.9,IDCJDW2125.202508.csv
29/08/2025,11.2,21.9,,,9.8,W,65,23:18,17.1,40,,WNW,31,1009.4,21.1,25,3,NW,33,1004.7,IDCJDW2125.202508.csv
30/08/2025,10.3,18.5,0.6,14.6,10.6,W,67,13:30,13.8,41,1,W,41,1006.6,17.1,38,4,WSW,37,1013.6,IDCJDW2125.202508.csv
31/08/2025,8,21.3,0,4.8,11,WSW,35,1:46,13.3,49,1,W,24,1026,19.2,35,0,NE,24,1022.1,IDCJDW2125.202508.csv
1/09/2025,9,18.1,0,4.6,10.7,W,33,7:24,14.2,55,2,W,17,1024.2,17.1,60,1,S,22,1021,IDCJDW2125.202509.csv
2/09/2025,12.1,20.5,0.8,4,8.8,NNE,39,16:54,16.1,74,6,W,9,1024.5,19.1,47,1,ENE,28,1020.2,IDCJDW2125.202509.csv
3/09/2025,10.1,23.1,0,4,10.4,WNW,33,9:41,15.7,42,2,WNW,19,1022.2,22.3,27,1,WNW,13,1018,IDCJDW2125.202509.csv
4/09/2025,14.2,24.9,0,5,5.2,NW,50,14:08,17.7,37,7,NNW,20,1019.9,24.1,19,7,NW,31,1015.5,IDCJDW2125.202509.csv
5/09/2025,13,17.7,0,7.6,9.5,S,43,11:20,16.3,73,1,SSW,24,1027.1,16.9,61,6,SSE,24,1027.5,IDCJDW2125.202509.csv
6/09/2025,11.1,21.1,0,4,9.4,NE,46,16:01,15.7,63,3,WNW,7,1032.1,20.3,48,1,NE,30,1027.5,IDCJDW2125.202509.csv
7/09/2025,11.7,23.9,0,5.6,10.6,NE,50,16:27,17.2,65,1,WNW,11,1025.9,22.5,50,1,NE,30,1020.3,IDCJDW2125.202509.csv
8/09/2025,17.1,30.1,0,7.4,10.1,NW,50,12:10,23.6,33,3,NW,20,1018.1,28.2,29,7,NW,28,1012.7,IDCJDW2125.202509.csv
9/09/2025,17.1,27.1,0.4,8,4.7,W,41,4:19,20.3,66,5,NW,9,1015.6,26.5,33,5,N,19,1010.7,IDCJDW2125.202509.csv
10/09/2025,16.4,17.8,4.2,3.8,0,SE,63,17:05,16.9,90,8,E,24,1009.5,16.7,93,8,SSE,11,1004.2,IDCJDW2125.202509.csv
11/09/2025,9.7,15.9,104.4,,4.4,W,69,4:37,12.4,94,8,SW,37,1008.2,15.8,63,4,SSW,44,1013.5,IDCJDW2125.202509.csv
12/09/2025,10.2,19.1,5.6,2.4,10.9,SW,26,9:24,15.7,63,1,SW,9,1023.3,18.2,48,1,SE,17,1021.2,IDCJDW2125.202509.csv
13/09/2025,10.5,21.4,0,4.8,10.4,E,28,13:24,16.5,51,1,WNW,15,1027,20,51,1,ENE,20,1023.9,IDCJDW2125.202509.csv
14/09/2025,10.8,24.7,0,5.6,10.7,NNW,35,14:13,17.2,66,1,WNW,13,1025.4,22.8,49,1,NE,24,1019.6,IDCJDW2125.202509.csv
15/09/2025,11.4,28.7,0,6,10.7,WNW,43,14:37,20.6,36,1,NW,13,1021,28.1,18,1,WNW,20,1015.5,IDCJDW2125.202509.csv
16/09/2025,18.7,28.4,0,7.6,5.6,NNW,52,13:08,23.7,38,7,N,26,1015.6,27.4,31,6,N,30,1010.1,IDCJDW2125.202509.csv
17/09/2025,18.4,26.4,0.6,8.6,9.1,WSW,41,8:11,20.4,55,3,W,26,1015.5,25.5,22,1,SW,30,1013.3,IDCJDW2125.202509.csv
18/09/2025,11.1,20.8,0,7.4,11,WSW,41,0:26,16.3,45,1,WNW,11,1025.1,19.6,52,1,ESE,17,1021.5,IDCJDW2125.202509.csv
19/09/2025,11.5,26.1,0,5.2,9.1,NNW,37,21:31,17.7,53,1,WNW,15,1020.2,22.2,43,7,NE,22,1014.1,IDCJDW2125.202509.csv
20/09/2025,16,22.7,4.2,6,10.7,W,56,12:43,20.1,49,1,WSW,19,1007.5,22,24,1,W,28,1008.1,IDCJDW2125.202509.csv
21/09/2025,11.1,23.1,0,7.2,11,WNW,44,9:16,16.4,35,3,W,26,1017.3,22.5,28,1,W,22,1013.3,IDCJDW2125.202509.csv
22/09/2025,12,21.7,0,6,7.2,S,59,17:58,19,44,1,W,19,1018.2,17.3,67,7,SSE,33,1018,IDCJDW2125.202509.csv
23/09/2025,7.8,17.4,0.2,4.8,11.2,S,41,13:06,14.2,45,1,WSW,20,1026.4,16.6,49,1,S,28,1023.3,IDCJDW2125.202509.csv
24/09/2025,9.8,25.4,0,5,11,WSW,54,12:33,17.2,43,4,WNW,28,1018.5,22,40,6,ESE,19,1014.7,IDCJDW2125.202509.csv
25/09/2025,11.4,26.5,0,7,10.8,WSW,59,15:44,18.4,40,7,NW,17,1016.7,26.1,15,6,WSW,39,1012,IDCJDW2125.202509.csv
26/09/2025,18.2,29.9,,,6.3,W,56,14:13,22.4,31,7,N,20,1014.1,28.9,15,6,WNW,39,1009.9,IDCJDW2125.202509.csv
27/09/2025,19.6,29.7,,,3.7,N,39,15:44,22.9,32,7,W,7,1014.5,29.2,19,7,N,28,1010,IDCJDW2125.202509.csv
28/09/2025,18,23.8,,,8.7,S,67,6:06,19.2,82,3,S,24,1014.2,21.7,71,6,SE,28,1012.9,IDCJDW2125.202509.csv
29/09/2025,16.2,22.5,,,8.6,SSW,43,6:16,18.9,75,6,SW,20,1019.5,19.8,78,2,SSW,24,1015.2,IDCJDW2125.202509.csv
30/09/2025,15.7,25.4,1.6,,10.3,NE,52,14:58,22.5,67,7,NNE,31,1013.8,25,62,1,NE,41,1006.4,IDCJDW2125.202509.csv
1/10/2025,18.9,27.8,0,6.6,9.8,W,56,14:53,23,27,1,WSW,20,1007.6,26.2,13,1,WNW,41,1006.4,IDCJDW2125.202510.csv
2/10/2025,13.4,26.8,0,11.6,9.4,WSW,76,15:43,22.2,24,1,NNW,24,1008.2,23.1,23,7,WSW,41,1007,IDCJDW2125.202510.csv
3/10/2025,13.7,25.4,0,9,11.3,WSW,52,8:28,18.5,31,1,WSW,31,1017,24.6,22,1,SSE,17,1014.1,IDCJDW2125.202510.csv
4/10/2025,13.2,22.5,0,8,11.4,W,31,23:51,18.8,53,1,SW,9,1024.8,20.7,60,3,SE,20,1022.6,IDCJDW2125.202510.csv
5/10/2025,14.3,28.7,0,5.8,10.7,NNE,33,14:16,18.5,69,2,N,15,1021,27.6,34,7,NE,24,1014.9,IDCJDW2125.202510.csv
6/10/2025,18.4,32.1,0,8.6,3.9,S,65,13:41,25.4,22,7,WNW,15,1010.6,21.2,80,8,SSE,39,1010.1,IDCJDW2125.202510.csv
7/10/2025,16.7,22.8,0.8,6.6,1.2,NNE,46,14:25,19.4,73,7,N,17,1017.7,21.8,66,8,NNE,31,1013.1,IDCJDW2125.202510.csv
8/10/2025,16.2,29.9,0,3.2,9.4,NW,70,22:58,18.9,69,1,SE,9,1013.3,28.2,36,7,ENE,30,1007.8,IDCJDW2125.202510.csv
9/10/2025,18.9,29,0,10.8,0,WNW,76,23:10,24.9,41,8,N,20,1010.1,28.5,34,8,NNW,26,1009,IDCJDW2125.202510.csv
10/10/2025,17.1,32.1,0,6.2,12,WNW,48,13:21,23.2,56,1,NW,13,1014.6,30.9,13,1,WNW,26,1010.7,IDCJDW2125.202510.csv
11/10/2025,16.4,32.3,0,11.6,12.1,W,41,15:02,24.9,21,1,NNW,19,1012.4,31.8,10,1,ENE,17,1009.2,IDCJDW2125.202510.csv
12/10/2025,16.5,32.8,0,11.2,7.1,WSW,102,14:21,23.4,30,1,WNW,9,1011.5,25.6,25,7,WSW,54,1010,IDCJDW2125.202510.csv
13/10/2025,15.5,22.4,0.6,8,10.8,SE,44,11:54,19.2,42,1,SW,17,1016.5,19.2,54,2,SE,30,1017.8,IDCJDW2125.202510.csv
14/10/2025,14.9,28.8,0,7.6,11.9,WNW,37,12:00,19,56,1,N,24,1019.8,28.4,18,0,ENE,7,1015.1,IDCJDW2125.202510.csv
15/10/2025,15.8,26.8,0,7.4,12.1,ENE,37,14:34,21.4,59,0,WNW,9,1022.5,24.3,56,1,ENE,26,1018.9,IDCJDW2125.202510.csv
16/10/2025,17.2,29.2,0,7.8,10.2,NE,54,17:09,20.1,81,5,NW,6,1020.5,27.5,54,3,NE,30,1015,IDCJDW2125.202510.csv
17/10/2025,20.1,34.7,0,7.2,4.4,S,70,17:18,28.5,41,6,NNW,28,1011.8,33.2,29,7,NNE,24,1008.2,IDCJDW2125.202510.csv
18/10/2025,15.6,22.2,0.8,7.4,11.8,E,33,15:51,19,70,3,SW,15,1016.1,20.8,51,4,ESE,20,1015,IDCJDW2125.202510.csv
19/10/2025,17,25.6,0,8,11.2,NE,54,17:47,21.2,60,6,NNW,20,1018.1,23.7,54,2,NE,35,1012.1,IDCJDW2125.202510.csv
20/10/2025,18.3,36.8,0,8,9.6,S,61,21:12,24.2,51,5,,,1011.7,36.2,19,6,NW,17,1006.1,IDCJDW2125.202510.csv
21/10/2025,18.1,23.5,0,9,7.9,S,50,1:47,20.3,62,1,SSE,15,1016,20.2,62,6,ESE,20,1013.2,IDCJDW2125.202510.csv
22/10/2025,19.1,38.8,0,8.6,7,W,76,17:22,22.2,74,4,NW,13,1003.5,36,21,7,SSW,20,995.3,IDCJDW2125.202510.csv
23/10/2025,17,22.2,0,10.2,9.7,SW,50,2:12,19.5,52,3,S,22,1014.3,20.6,52,4,SE,24,1015,IDCJDW2125.202510.csv
24/10/2025,17.2,24,0,8,11.7,S,54,10:15,21.2,59,1,WNW,15,1013.5,19.3,74,3,SSE,39,1013.1,IDCJDW2125.202510.csv
25/10/2025,15.2,24.4,0,8.2,4.6,NE,44,16:05,18.8,59,8,N,15,1017.3,23.5,51,7,NNE,30,1012.8,IDCJDW2125.202510.csv
26/10/2025,16.8,27.6,0,7.8,4.6,NW,54,17:56,22.9,35,7,NNW,15,1007,24.8,44,7,NNW,15,1001.6,IDCJDW2125.202510.csv
27/10/2025,17.8,26.3,1.6,5.2,9.4,S,72,14:57,20.7,49,3,W,28,1002.4,17.9,70,5,S,48,1005.6,IDCJDW2125.202510.csv
28/10/2025,12.6,18.4,0.2,8.2,0.3,S,57,23:50,14.8,48,7,SE,20,1021.6,16.2,38,7,SE,15,1020.1,IDCJDW2125.202510.csv
29/10/2025,12.5,18.1,4.4,3.2,0,ENE,31,20:58,14.2,95,8,W,11,1019,17,89,8,ENE,17,1016.7,IDCJDW2125.202510.csv
30/10/2025,14.2,20.9,10.4,1.4,10.5,S,31,14:04,17.8,85,4,SW,11,1017.3,19.9,80,1,S,24,1015.7,IDCJDW2125.202510.csv
31/10/2025,15.7,25.3,0,7.8,8.7,NE,50,15:36,19,84,3,SSE,11,1019.4,23.6,58,6,ENE,26,1016.6,IDCJDW2125.202510.csv
1/11/2025,16.7,22.8,15.2,2.4,3.2,W,70,2:43,19,84,7,SW,9,1016.2,22.6,66,6,N,6,1013.8,IDCJDW2125.202511.csv
2/11/2025,18,24.1,1,10.8,3,SSW,35,5:21,19.2,89,7,SSW,17,1015,22.6,70,6,SE,19,1011.7,IDCJDW2125.202511.csv
3/11/2025,18.6,28,0,4,6.8,W,72,17:34,21.6,83,8,N,15,1005.8,26.9,63,7,NNE,30,1000.5,IDCJDW2125.202511.csv
4/11/2025,17.6,24.4,19.6,11.6,11,NW,70,10:16,20.8,37,3,NNW,20,1007,21.4,30,6,WNW,43,1006,IDCJDW2125.202511.csv
5/11/2025,14.4,26.8,0.2,10.6,12.8,WNW,41,8:58,18.6,37,0,W,22,1013.6,25.8,24,0,SSW,13,1011.8,IDCJDW2125.202511.csv
6/11/2025,14.4,25.8,0,7,,NNE,56,17:25,20.1,41,1,W,13,1019,24.5,28,2,ENE,31,1015,IDCJDW2125.202511.csv
7/11/2025,19.6,26.4,0,,,NNE,57,19:46,21.6,62,8,NNE,9,1013.4,25,55,,NE,28,1009.3,IDCJDW2125.202511.csv
8/11/2025,20.5,32.4,0,15.6,9.1,NNW,54,10:53,26.3,45,7,NW,22,1004.8,30.7,42,2,NE,31,998.7,IDCJDW2125.202511.csv
9/11/2025,16.4,20.7,0.6,9.4,12.9,S,56,9:55,18.3,48,1,WSW,35,1009.9,18.8,62,2,S,35,1011.2,IDCJDW2125.202511.csv
10/11/2025,15.4,23.8,0,8.8,12.1,ENE,48,14:47,20.2,47,2,NNW,11,1015.9,22.2,49,1,ENE,33,1012.7,IDCJDW2125.202511.csv
11/11/2025,15.2,29.2,0,8,12.1,WSW,78,16:06,20,58,3,W,20,1012.3,27.9,14,5,W,33,1007.3,IDCJDW2125.202511.csv
12/11/2025,11,21,0,11.8,12.9,SW,43,23:19,15.7,35,1,SW,17,1020,19.9,31,0,ENE,28,1016.1,IDCJDW2125.202511.csv
13/11/2025,12.9,27.7,0,8,10.7,NE,48,17:19,19.6,43,3,NW,15,1014.8,25.4,29,,ENE,31,1008.3,IDCJDW2125.202511.csv
14/11/2025,18.1,23.3,0,9.6,7.8,S,48,4:31,19.3,74,7,SSE,24,1010.5,22.1,60,6,E,26,1009.1,IDCJDW2125.202511.csv
15/11/2025,18.7,26.5,0,7,3.8,NNE,61,14:59,22.4,69,7,NW,17,1011,24.3,62,7,NE,39,1004.9,IDCJDW2125.202511.csv
16/11/2025,19.9,32.6,3.4,6,10,SE,43,14:38,21.5,74,3,SSW,7,1004,32.1,14,2,NE,13,999.5,IDCJDW2125.202511.csv
17/11/2025,18.4,23.1,0,9.4,7.8,W,65,8:33,20.5,31,3,WNW,50,1001.5,20.9,30,6,SW,30,1002.6,IDCJDW2125.202511.csv
18/11/2025,15.6,26.6,0,8,13.2,NE,48,16:49,20.5,41,0,W,22,1010,25.1,34,1,NE,31,1007.2,IDCJDW2125.202511.csv
19/11/2025,16.7,29.7,0,9.8,11.7,NNE,54,17:53,23.3,49,1,WSW,11,1011.2,28.5,29,1,ENE,31,1007,IDCJDW2125.202511.csv
20/11/2025,18.6,21.9,0,10.2,6.1,SSW,52,21:19,19.5,80,7,S,28,1011.7,21.1,73,7,SSE,35,1010.4,IDCJDW2125.202511.csv
21/11/2025,16,21.8,0.2,5.6,0,S,54,0:45,16.5,89,8,SSW,35,1019.7,17.6,89,8,S,33,1019.9,IDCJDW2125.202511.csv
22/11/2025,16.1,22.6,1,5,0,E,33,10:30,21.2,71,7,SE,17,1019.2,21.7,73,7,E,20,1016.2,IDCJDW2125.202511.csv
23/11/2025,18.4,25,10.6,2.2,9.7,SSE,33,16:36,20.6,92,5,WNW,9,1008.7,23.5,73,3,SE,22,1004.3,IDCJDW2125.202511.csv
24/11/2025,18.1,23.7,0,6.4,12,SSW,50,5:21,21.3,74,3,S,24,1008,21.2,79,3,S,35,1006.8,IDCJDW2125.202511.csv
25/11/2025,18,30,0,7.2,6.6,S,48,22:19,23.2,60,1,N,15,1001.8,25.7,65,7,NE,24,997.6,IDCJDW2125.202511.csv
26/11/2025,18.6,35.6,0,8.8,,W,72,12:01,29.4,38,3,NNW,37,999.2,31.1,42,3,NW,17,995.1,IDCJDW2125.202511.csv
27/11/2025,19.9,32.9,,,,SSW,59,19:05,25.6,48,,WNW,11,1002,31.2,14,,WSW,31,1000.5,IDCJDW2125.202511.csv
28/11/2025,17.7,30.4,0.4,19.6,10.8,NNE,54,17:39,23.3,61,0,NW,13,1009.4,27.8,38,6,ENE,33,1004.1,IDCJDW2125.202511.csv
29/11/2025,21.5,33.2,0,11.8,9.4,NW,89,10:22,26.9,29,7,NNW,26,998.5,32.6,23,4,W,39,996.9,IDCJDW2125.202511.csv
30/11/2025,18,29.2,0,8.6,12.7,W,65,16:02,22.2,53,6,N,15,1006.5,28.3,18,7,W,39,1002.3,IDCJDW2125.202511.csv
1/12/2025,15.5,26.5,0,12.6,7.3,WSW,76,18:05,21.2,28,7,NW,24,1006.6,23.8,19,8,WNW,35,1002.8,IDCJDW2125.202512.csv
2/12/2025,13.4,21.1,0,9.4,12.4,S,52,12:27,17.4,50,1,SSW,35,1011,19.2,55,2,S,35,1012.7,IDCJDW2125.202512.csv
3/12/2025,14.2,26.8,0,8.8,12.8,NE,52,17:17,20.9,46,1,NW,11,1020.2,25.3,38,1,NE,31,1016.6,IDCJDW2125.202512.csv
4/12/2025,17.7,32.5,0,8.4,13.1,NE,57,15:29,24.5,49,0,NNW,13,1018.6,30.5,27,1,NE,37,1013.6,IDCJDW2125.202512.csv
5/12/2025,19.6,37.8,0,13.2,13.2,NE,54,17:25,28.4,23,1,NW,15,1013.6,36,14,7,NE,33,1009.6,IDCJDW2125.202512.csv
6/12/2025,21.7,39.2,0,18,5.7,NE,70,17:12,27.7,29,7,NNW,11,1008.1,33.7,30,7,NE,30,1001.9,IDCJDW2125.202512.csv
7/12/2025,19.3,22.6,1,12.2,0.3,S,69,9:18,19.7,81,8,S,35,1010,21.7,55,7,SSE,26,1011.7,IDCJDW2125.202512.csv
8/12/2025,19,27.2,0,6.6,8.2,NE,57,17:42,22,63,7,NNE,17,1015.1,26,55,7,NE,33,1010.7,IDCJDW2125.202512.csv
9/12/2025,19.9,33.2,0,8,8.9,SSW,70,18:48,26.2,58,0,WNW,11,1013.1,30.8,31,0,E,20,1011.6,IDCJDW2125.202512.csv
10/12/2025,18.4,24.3,0,10.8,3.2,S,52,23:27,20.6,74,7,SSW,24,1020.9,22.7,71,3,S,26,1017.4,IDCJDW2125.202512.csv
11/12/2025,19.3,25,3.4,7,3.2,S,50,0:07,21.7,67,7,SSE,30,1020.7,22.8,59,7,SE,28,1020.4,IDCJDW2125.202512.csv
12/12/2025,19.1,22.8,1.8,5,0.4,E,39,16:46,20.3,87,8,NNE,9,1018.1,21.2,80,7,SE,20,1016.8,IDCJDW2125.202512.csv
13/12/2025,17.3,26.5,4.2,3.2,7.7,ENE,43,13:16,20.7,79,3,NW,15,1013,24,65,7,NE,30,1008,IDCJDW2125.202512.csv
14/12/2025,19.1,34.6,5.8,7.4,11.3,S,80,20:14,22.5,76,5,NW,11,1005.7,33.3,29,6,WNW,20,1001.7,IDCJDW2125.202512.csv
15/12/2025,18.7,24.4,0,7,3.2,SSE,48,23:12,20.2,70,7,SE,15,1014.1,22.9,55,5,ESE,30,1014,IDCJDW2125.202512.csv
16/12/2025,17.1,24.3,0.2,4.8,0,SE,33,0:04,20.4,56,8,ENE,17,1022.1,21,58,8,ENE,15,1022.5,IDCJDW2125.202512.csv
17/12/2025,18.3,27.5,0,3.2,,NE,57,18:09,24.1,58,5,NNE,17,1024.3,26.6,52,1,NE,37,1020.2,IDCJDW2125.202512.csv
18/12/2025,19.7,32.6,0,,,NNE,56,16:52,25.7,55,,NNE,7,1017.9,32,42,,NE,31,1011.8,IDCJDW2125.202512.csv
19/12/2025,21.1,42.6,,22.8,,SSW,69,17:18,32.1,32,0,NW,13,1009.9,38.7,20,5,ENE,19,1005.9,IDCJDW2125.202512.csv
20/12/2025,23,33.4,2.8,10.8,,NNE,48,16:44,24.2,73,8,WNW,13,1010.1,31.6,39,4,NE,31,1005.8,IDCJDW2125.202512.csv
21/12/2025,22.9,36.5,0,9.2,7.1,SSW,52,23:17,29.4,54,4,NW,11,1005.3,29.6,57,6,SE,22,1001.4,IDCJDW2125.202512.csv
22/12/2025,22.8,32.5,2.4,6.2,5.7,ESE,48,13:29,24.4,44,6,SW,15,1005.8,27.5,50,2,ESE,35,1005.4,IDCJDW2125.202512.csv
23/12/2025,20.5,32.7,0.6,6.8,11.6,SSE,54,14:28,25.2,65,4,W,7,1008.4,26.7,57,1,SE,30,1008.7,IDCJDW2125.202512.csv
24/12/2025,19.1,31.5,0,10.8,13,SSE,57,21:39,23.6,60,4,N,20,1011.8,29,47,1,NE,30,1006.5,IDCJDW2125.202512.csv
25/12/2025,19.5,23.8,0,11.4,5.2,SSE,50,23:25,20.6,70,7,SSE,24,1011.8,20.6,53,7,SE,31,1010.9,IDCJDW2125.202512.csv
26/12/2025,14.4,18.9,0.4,9,1.6,S,54,8:15,16.2,69,7,S,35,1015.1,16.4,67,8,SSE,28,1015.8,IDCJDW2125.202512.csv
27/12/2025,14.6,21.5,0,3.8,11.2,SSE,44,15:41,17.7,66,3,SW,19,1018,20.2,47,3,SSE,24,1016,IDCJDW2125.202512.csv
28/12/2025,14.9,22.7,0.4,9.8,11.1,SSW,56,7:34,18.8,65,5,SSW,35,1019.9,20.9,56,4,S,33,1020.8,IDCJDW2125.202512.csv
29/12/2025,15.9,23.4,0,7.2,12.3,SSE,35,12:37,20,52,5,S,17,1021.3,22.9,45,1,ESE,24,1019,IDCJDW2125.202512.csv
30/12/2025,15.1,24.1,0,9.8,13,E,33,11:19,19.1,57,1,WSW,9,1015.7,22.7,47,5,ENE,24,1010.7,IDCJDW2125.202512.csv
31/12/2025,17.1,24.2,0,7.8,3.4,S,37,19:56,20.8,72,6,SSE,13,1010.9,23.3,55,8,ESE,15,1010.3,IDCJDW2125.202512.csv
1/01/2026,17.7,20.6,1.6,5.6,0,S,52,7:38,18,95,8,S,41,1014.7,20.2,64,7,S,35,1015.9,IDCJDW2125.202601.csv
2/01/2026,17.2,24.1,4.2,5.2,3,SE,33,13:36,20.2,58,7,SE,13,1018.9,22.7,55,7,SE,22,1017.4,IDCJDW2125.202601.csv
3/01/2026,17.8,26.5,0.8,5.6,6.3,NE,56,15:58,20.6,83,8,NNE,17,1017.1,25.1,56,6,NE,37,1013.3,IDCJDW2125.202601.csv
4/01/2026,19.7,30.7,3,7.8,7.3,SSW,63,14:52,23.8,72,1,NNE,17,1011.8,27.4,55,7,NE,31,1006.9,IDCJDW2125.202601.csv
5/01/2026,19.5,26.6,1.6,7,6.6,S,41,9:39,22.3,82,7,S,19,1013.3,25.6,59,4,ESE,24,1011.5,IDCJDW2125.202601.csv
6/01/2026,20.3,27.9,0.4,4.6,11.9,E,33,14:55,22.6,77,4,SSW,13,1017.5,26.4,55,1,ENE,22,1015.2,IDCJDW2125.202601.csv
7/01/2026,21.1,32,0.2,9.8,,NNE,57,18:53,26.6,65,3,N,13,1019.3,30.3,50,1,NE,31,1016.2,IDCJDW2125.202601.csv
8/01/2026,22.8,34,0,,,NE,56,16:21,28.2,55,,NE,11,1016.3,33.7,42,,NE,30,1013.3,IDCJDW2125.202601.csv
9/01/2026,22.7,33.5,0,23,,NNE,67,17:51,26.5,61,1,NNE,13,1014.1,31.8,41,1,NE,41,1008.2,IDCJDW2125.202601.csv
10/01/2026,23.9,42.7,0,13,13.1,S,76,21:12,33.3,23,1,NW,35,1005.5,40.6,13,0,WNW,24,1001.4,IDCJDW2125.202601.csv
11/01/2026,20.9,21.9,0,15,0,S,61,23:04,21.3,71,8,SSE,30,1014.5,20.4,67,8,SSE,28,1016.7,IDCJDW2125.202601.csv
12/01/2026,18.1,22.4,2.2,4.8,0,SSW,37,9:38,20.3,79,8,SE,17,1019.5,21.5,73,8,SE,17,1017,IDCJDW2125.202601.csv
13/01/2026,18,28,5.2,1,9.4,NE,48,15:39,22,83,7,W,7,1012.7,26.8,58,1,ENE,30,1010.3,IDCJDW2125.202601.csv
14/01/2026,21.2,28.4,0,11,8.1,NE,54,11:43,25.2,61,7,ENE,28,1012.3,27,50,7,NE,37,1010.1,IDCJDW2125.202601.csv
15/01/2026,21.6,27.3,0.8,9,4.4,NNE,70,18:59,24.9,68,7,NE,30,1009.4,25.7,72,7,NE,35,1005.4,IDCJDW2125.202601.csv
16/01/2026,20.1,24.2,0.4,8,6.2,S,59,15:58,21.7,81,7,S,26,1004.5,24,77,3,S,35,1004,IDCJDW2125.202601.csv
17/01/2026,20.6,24.3,2.4,5.4,1.1,SE,69,6:07,21.4,83,8,SE,50,1009.3,21,93,7,SE,33,1009.7,IDCJDW2125.202601.csv
18/01/2026,19,26.5,75.8,,6.7,SE,65,4:45,20,84,8,SE,33,1014.4,25.1,55,6,SE,35,1014.3,IDCJDW2125.202601.csv
19/01/2026,18,26,19.8,8.6,5.4,SE,41,23:03,19.4,92,8,SW,13,1015.4,23.5,64,6,SE,28,1013.5,IDCJDW2125.202601.csv
20/01/2026,17.4,25.3,3,5.8,8.5,ESE,37,2:01,20.3,80,6,WSW,13,1011.9,24.2,55,4,SE,22,1010.1,IDCJDW2125.202601.csv
21/01/2026,17.9,25.2,0,7.2,13,SW,31,5:24,21.6,68,2,SSW,13,1008,23.8,44,1,SE,22,1005.8,IDCJDW2125.202601.csv
22/01/2026,18.8,23.5,0,7.2,7.3,SSE,59,12:06,22.4,68,1,S,17,1006.7,22,59,6,S,46,1009.8,IDCJDW2125.202601.csv
23/01/2026,18,23.8,0,10.4,7.5,SSW,46,2:50,20,68,7,SSW,20,1018.8,22.8,48,7,SE,19,1017.1,IDCJDW2125.202601.csv
24/01/2026,18.3,27.8,0,6.4,12.4,ENE,43,14:35,23.4,60,1,WNW,13,1015.2,26.7,57,0,ENE,33,1010,IDCJDW2125.202601.csv
25/01/2026,21,39.7,0,8,12,S,69,21:30,25.2,74,0,NW,15,1008.8,37.3,26,1,NE,11,1004.4,IDCJDW2125.202601.csv
26/01/2026,21.6,23.7,0,12.2,1.6,S,74,23:17,22.5,77,7,SSW,35,1013,23.2,68,7,S,35,1013.3,IDCJDW2125.202601.csv
27/01/2026,19.8,27.3,0,7.6,10.4,NE,41,17:57,22.7,66,6,SSW,11,1015.3,25.9,49,2,ENE,28,1013,IDCJDW2125.202601.csv
28/01/2026,19,28.8,0,10.2,12.5,NNE,44,17:47,23.2,63,2,NNE,26,1013,27.2,50,0,NE,30,1011.6,IDCJDW2125.202601.csv
29/01/2026,21.7,29,0,8.2,9.6,ENE,31,15:31,25,74,3,NE,4,1019,28.4,47,2,E,20,1017.4,IDCJDW2125.202601.csv
30/01/2026,22.2,29.9,0,8.6,11.6,NE,54,18:06,25.2,61,2,N,13,1017.8,28,53,0,NE,31,1013,IDCJDW2125.202601.csv
31/01/2026,22.9,30.5,0,9.8,12,NE,56,17:34,26.1,72,0,NNE,4,1009.2,29.1,55,1,NE,33,1005.8,IDCJDW2125.202601.csv
1/02/2026,23.4,26.9,0,9.2,2.9,SSW,57,12:37,26.2,75,7,NE,9,1004.4,23.2,88,7,S,31,1005.8,IDCJDW2125.202602.csv
2/02/2026,17.6,20.9,6.2,8,9.8,S,80,5:16,18.3,67,7,S,52,1020.2,20.2,58,2,S,44,1022.9,IDCJDW2125.202602.csv
3/02/2026,16.4,24.9,3,10,1.7,WSW,35,5:52,18,87,7,WSW,9,1025.6,23.3,58,7,SE,17,1023.8,IDCJDW2125.202602.csv
4/02/2026,18,28.2,0.2,2.6,12.2,NNE,48,16:44,23.1,56,1,N,19,1021.1,27.7,43,1,NE,28,1017.1,IDCJDW2125.202602.csv
5/02/2026,20.4,37.4,0,9.8,10.9,S,61,21:25,25.4,64,1,NW,15,1016.4,32.7,40,,ENE,30,1014,IDCJDW2125.202602.csv
6/02/2026,20.5,30.4,0,8.6,4.5,S,48,23:02,23.1,71,7,W,17,1020.4,27.4,62,7,NE,17,1016.8,IDCJDW2125.202602.csv
7/02/2026,22.3,33.1,0,4.8,8.6,NE,43,14:47,24.4,86,1,S,13,1018,32.9,33,6,NE,28,1014.9,IDCJDW2125.202602.csv
8/02/2026,23.1,24.8,0.2,8,0,NNE,44,16:23,23.1,83,8,SSW,26,1016.7,23.9,83,8,NE,26,1015.7,IDCJDW2125.202602.csv
9/02/2026,21.6,29,6,2.2,2.4,NNW,30,11:42,22.7,92,8,NNW,15,1012.7,27.2,70,7,SSE,4,1011.3,IDCJDW2125.202602.csv
10/02/2026,21.3,28.5,1.8,5.6,7.7,SSE,28,10:23,24,79,3,SW,13,1016.6,28.2,56,4,E,13,1013.6,IDCJDW2125.202602.csv
11/02/2026,21.6,34.1,0,3.2,11.1,NE,44,17:20,24.8,77,3,NW,13,1012.9,32.7,48,2,NE,30,1006.1,IDCJDW2125.202602.csv
12/02/2026,22.6,23.6,0,9.2,0.9,SSE,63,14:30,23.1,86,7,SSW,37,1002.8,19.6,90,7,SSE,46,1006.4,IDCJDW2125.202602.csv
13/02/2026,17.5,21.9,1.8,5.8,0,S,43,0:45,20.3,61,8,ESE,19,1016.7,21.1,61,8,S,30,1017.1,IDCJDW2125.202602.csv
14/02/2026,17.6,24.8,6.2,4.2,0.4,SSW,39,7:44,18.9,93,7,SW,13,1021.5,22.7,57,7,E,28,1020.6,IDCJDW2125.202602.csv
15/02/2026,17.4,22.6,2.2,5,0.8,SSE,39,15:54,18.4,94,8,WSW,11,1020.2,21.5,73,8,SE,19,1018.4,IDCJDW2125.202602.csv
16/02/2026,17.4,26.1,1.6,2.6,9.5,ESE,35,14:35,21.3,87,3,SSW,20,1017.7,24.2,61,4,SE,20,1015.8,IDCJDW2125.202602.csv
17/02/2026,18.4,28.4,0.8,4.8,12.7,NE,57,17:37,22.4,70,1,NW,9,1014.1,28.1,46,1,NE,33,1009.1,IDCJDW2125.202602.csv
18/02/2026,21.2,36.6,0.4,9.6,7.4,WNW,61,10:53,26.1,55,2,NNW,15,1006.3,22.8,85,7,SSW,39,1006.8,IDCJDW2125.202602.csv
19/02/2026,20.5,28.3,0.8,7,6.8,ENE,39,15:58,21.6,88,8,SW,11,1014.8,27.7,68,1,E,26,1014,IDCJDW2125.202602.csv
20/02/2026,21.5,27.4,0,6,0.8,NE,41,16:24,24.6,63,7,NE,20,1018.3,26.2,63,8,NNE,24,1015.5,IDCJDW2125.202602.csv
21/02/2026,22.4,32.6,0,6,9.4,S,41,19:36,24.7,89,2,ESE,6,1011.6,29.1,57,5,SE,20,1009.4,IDCJDW2125.202602.csv
22/02/2026,22.3,35.9,0,5.6,7.7,W,74,16:56,25,80,5,NW,15,1011,33.6,44,7,ENE,19,1006.2,IDCJDW2125.202602.csv
23/02/2026,23,26.6,0.4,7.6,2.1,SSW,48,20:21,25.7,74,7,SSW,20,1011,24.5,83,7,S,30,1013.6,IDCJDW2125.202602.csv
24/02/2026,21.5,31.4,0,3.6,2.6,NE,57,17:25,23.6,82,7,SW,11,1018,30.1,46,1,NE,35,1015.1,IDCJDW2125.202602.csv
25/02/2026,23.4,28.4,0.2,10.8,4.7,SSW,54,20:22,25.3,70,6,NNE,15,1014.3,24.4,85,8,S,28,1014.2,IDCJDW2125.202602.csv
26/02/2026,19.6,24.6,0.8,3.8,1.6,SSW,59,1:00,21.1,92,8,SSW,26,1018.5,22.6,91,8,SSE,22,1017.3,IDCJDW2125.202602.csv
27/02/2026,20.1,25.8,45.2,1.6,0,SE,41,23:11,21.1,90,7,ESE,22,1018.4,25,66,8,ESE,28,1018.1,IDCJDW2125.202602.csv
28/02/2026,20.6,27.3,4.2,4,4.8,ESE,35,23:13,23.6,59,7,ESE,15,1019.7,25.4,56,5,ESE,22,1017.8,IDCJDW2125.202602.csv
1/03/2026,20.1,26.8,4.2,7,1.7,ESE,33,23:29,21.3,91,8,SW,7,1017.3,25.3,61,7,SSE,13,1015.5,IDCJDW2125.202603.csv
2/03/2026,21.3,28.9,0,3.4,0.7,NE,61,21:10,25.1,67,7,NNE,17,1013.9,27.3,57,7,NNE,35,1010.5,IDCJDW2125.202603.csv
3/03/2026,21.3,26.2,2,6.8,0.3,NNE,50,23:08,23.5,74,8,NNE,20,1012.2,24.8,72,7,ENE,13,1011,IDCJDW2125.202603.csv
4/03/2026,21.5,30,0,3.6,4.7,NE,41,16:56,24.1,79,7,W,9,1013.3,28.6,63,4,E,19,1010.9,IDCJDW2125.202603.csv
5/03/2026,22,29.4,2.2,5.6,7.7,S,28,0:57,23.1,91,7,SSE,11,1013.9,28.5,63,2,SE,17,1011.3,IDCJDW2125.202603.csv
6/03/2026,22.2,26.3,0,4.4,9.6,SSW,44,17:20,23.8,91,4,S,24,1014,25.8,84,4,S,22,1012.9,IDCJDW2125.202603.csv
7/03/2026,23.3,29.7,0,6.4,6.3,SSW,54,20:37,26,74,6,N,7,1012.5,27.8,66,7,NE,20,1009.7,IDCJDW2125.202603.csv
8/03/2026,19.9,23.5,3.6,5.6,4.8,SSW,61,12:53,21.1,87,7,SSW,39,1013.8,21,93,8,SSW,37,1013.2,IDCJDW2125.202603.csv
9/03/2026,20.2,25.3,11.2,5.2,0.2,SSW,46,15:23,23.5,75,7,SE,26,1013.5,22.1,83,8,S,22,1012.1,IDCJDW2125.202603.csv
10/03/2026,20.2,25.6,16.2,2.6,6.5,SSW,33,2:55,21.6,92,7,WSW,9,1013.2,24.1,78,7,SSE,15,1012.2,IDCJDW2125.202603.csv
11/03/2026,20.2,29.7,0,3,11.1,NE,52,15:36,24,76,1,NNW,17,1011.8,29.2,56,1,NE,30,1006,IDCJDW2125.202603.csv
12/03/2026,21.9,25,0,9.2,10.4,SSW,50,5:38,22.6,79,1,S,31,1007.4,23.8,60,4,SSE,28,1008.5,IDCJDW2125.202603.csv
13/03/2026,17.7,21.7,4.6,8.2,5.7,S,61,12:58,19.1,83,7,SSW,19,1018.5,20.8,64,4,S,43,1021.3,IDCJDW2125.202603.csv
14/03/2026,17.4,25,0.2,7.6,10.4,S,31,23:35,20.3,62,2,SSW,13,1028.8,24.4,47,3,SE,20,1026.3,IDCJDW2125.202603.csv
15/03/2026,16.5,27.4,0,6.6,10.7,NE,48,17:25,20.4,69,1,NW,13,1025.3,26.6,47,1,NNE,26,1021,IDCJDW2125.202603.csv
16/03/2026,19.2,29.5,0,9.4,7.9,NNE,48,17:11,22.5,72,3,NW,13,1020,28.2,44,8,NE,30,1016.1,IDCJDW2125.202603.csv
17/03/2026,21.7,30.5,0,7,,S,52,15:24,23.7,67,7,NW,11,1015.6,29.7,42,8,WSW,15,1015.5,IDCJDW2125.202603.csv
18/03/2026,20.1,23,,,,SSE,39,0:25,20.7,91,7,SSW,28,1022,22.1,85,7,S,22,1020.1,IDCJDW2125.202603.csv
19/03/2026,20,25.9,,,,SSW,28,11:41,21.4,93,8,WSW,9,1018.2,25.3,68,,SE,15,1016,IDCJDW2125.202603.csv
20/03/2026,19.2,25.1,22.2,,9.2,SSE,39,9:41,21.7,85,2,SSW,15,1018.6,24.4,78,5,S,24,1018,IDCJDW2125.202603.csv
21/03/2026,20.1,27.4,0.6,4.6,6.3,ESE,37,13:47,21.9,88,5,WSW,7,1020.2,26.1,62,7,E,26,1018.8,IDCJDW2125.202603.csv
22/03/2026,18.6,27.1,2,3.2,8.8,SE,39,8:20,22.1,89,5,WSW,11,1022.2,26.1,62,4,SSE,17,1020.8,IDCJDW2125.202603.csv
23/03/2026,19.8,26.8,17.6,7,10.2,ENE,41,0:05,21.9,91,5,SSW,11,1022,26.5,58,2,ENE,26,1020.2,IDCJDW2125.202603.csv
24/03/2026,20,27.5,1.8,5,10.1,ENE,31,11:27,21.8,87,3,WSW,7,1020.7,26.4,51,1,E,22,1017.9,IDCJDW2125.202603.csv
25/03/2026,19.8,28.9,1,6.6,10.3,ENE,33,15:10,22.1,75,0,NW,11,1016.4,27.2,57,,ENE,24,1013,IDCJDW2125.202603.csv
26/03/2026,20.1,30.9,0,5.8,5.9,WSW,72,17:11,22.5,75,6,WNW,15,1011.2,29.7,41,7,NNE,11,1004.3,IDCJDW2125.202603.csv
27/03/2026,12.4,17.5,24.6,8.6,0.1,W,65,15:26,12.7,79,7,W,33,1003.6,14.9,66,7,W,48,1002.7,IDCJDW2125.202603.csv
28/03/2026,12,20.9,6.2,3.4,8.1,SSW,56,11:23,15.5,56,7,W,31,1015.4,20.1,54,4,SSW,33,1015.4,IDCJDW2125.202603.csv
29/03/2026,15.2,21.9,0,5.2,10.9,S,39,9:44,18.2,63,1,WSW,19,1021.8,21.1,67,1,S,26,1020.8,IDCJDW2125.202603.csv
30/03/2026,16.4,24.2,0,4.8,8.3,ENE,30,15:03,18.2,83,7,SW,9,1025.5,23.6,56,2,E,20,1023.3,IDCJDW2125.202603.csv
31/03/2026,16.2,25.6,0,4,9.9,ENE,33,13:55,18.3,76,5,WNW,7,1026.2,24.6,54,4,ENE,28,1022.9,IDCJDW2125.202603.csv
1/04/2026,17.5,26.8,0,6.6,10.8,ENE,37,13:47,21.1,74,1,WNW,9,1024.8,25.7,54,1,NE,26,1021.7,IDCJDW2125.202604.csv
2/04/2026,17.6,27.5,0,7.4,10.7,ENE,35,15:36,20.4,82,3,NW,9,1024.2,26.5,48,1,ENE,24,1021.5,IDCJDW2125.202604.csv
3/04/2026,18.2,23.5,0,4,7,S,52,13:53,21,88,4,SSW,11,1022.8,22.7,77,7,S,39,1022.2,IDCJDW2125.202604.csv
4/04/2026,18,20.4,9.8,4.6,0.8,SSW,52,13:30,18.5,91,7,S,30,1026.1,19.2,82,8,SSW,35,1024.7,IDCJDW2125.202604.csv
5/04/2026,16,22.1,16.2,4.6,3.9,SSE,39,13:27,18.4,80,7,SW,13,1026.7,20.2,61,7,E,15,1024.2,IDCJDW2125.202604.csv
6/04/2026,14.5,22.5,0,3.6,4.1,NW,26,11:06,18.9,70,7,WNW,13,1021.3,18.9,73,8,NNE,7,1017.1,IDCJDW2125.202604.csv
7/04/2026,14.6,29.6,0.8,2,9.9,NE,26,14:41,21.8,68,1,NW,15,1012.8,27.8,46,3,NE,17,1008.8,IDCJDW2125.202604.csv
8/04/2026,17.6,26.2,0,4.8,10,SSW,28,0:05,22.2,77,2,WNW,6,1016.1,24.6,68,6,SE,17,1014.3,IDCJDW2125.202604.csv
9/04/2026,18.7,30.5,0,2.8,10.3,NE,33,17:04,23.7,72,1,NW,11,1017.6,28.2,55,1,NE,24,1013.4,IDCJDW2125.202604.csv
10/04/2026,20,29.8,0,6.6,4.3,WNW,39,11:06,26.7,50,7,NNW,9,1012.9,29.4,40,7,N,24,1008.5,IDCJDW2125.202604.csv
11/04/2026,18.9,25.1,0,7.6,10.5,WSW,56,17:36,20.8,41,1,SW,22,1009.3,23.9,34,1,SW,30,1006.6,IDCJDW2125.202604.csv
12/04/2026,12,21.4,0,6.8,10.4,WSW,63,9:48,15.7,45,1,W,26,1010.7,20.7,29,1,WSW,30,1009.4,IDCJDW2125.202604.csv
13/04/2026,12.4,22.2,0,7.4,10.9,WSW,41,1:04,17.2,51,1,WSW,30,1018,20.8,44,1,S,15,1016.9,IDCJDW2125.202604.csv
14/04/2026,13.3,23.5,0,4.6,11,W,35,5:38,18.2,55,1,W,13,1021.2,22.6,43,1,ESE,17,1018.5,IDCJDW2125.202604.csv
15/04/2026,12.6,25.5,0,4.4,10.8,WSW,37,11:59,19.6,54,1,W,20,1019.9,23.2,49,0,SE,17,1017.3,IDCJDW2125.202604.csv
16/04/2026,14.7,28.5,0,4.8,9.6,N,28,11:40,19.8,66,1,WNW,15,1019.4,27.9,27,2,W,9,1013.9,IDCJDW2125.202604.csv
17/04/2026,14.8,27,0,5,5,S,70,21:55,20.2,52,6,NW,9,1013.9,27,29,7,S,6,1009.7,IDCJDW2125.202604.csv
18/04/2026,12.1,19.2,0,5,10.7,S,41,18:08,15.6,45,1,WSW,22,1019.5,18.2,47,1,S,26,1018.2,IDCJDW2125.202604.csv
19/04/2026,10.3,20.3,0,5.2,10.7,S,48,19:24,16.5,62,1,WNW,11,1022.7,19.2,51,1,S,26,1020.5,IDCJDW2125.202604.csv
20/04/2026,11.8,20.8,0,4.4,10.2,SSW,54,11:06,17.8,64,1,WNW,13,1025.2,20.1,66,6,S,31,1023.8,IDCJDW2125.202604.csv
21/04/2026,15.7,20.4,0.4,4,3.3,S,48,13:10,17.6,72,7,SW,22,1028,17.8,83,7,S,15,1026.2,IDCJDW2125.202604.csv
22/04/2026,16.4,22.7,0.6,3.2,6.7,SSE,39,3:03,19.5,60,7,S,17,1027.3,20.1,58,1,SSE,22,1026.3,IDCJDW2125.202604.csv
23/04/2026,13.7,23,0,5.2,7.3,SSE,30,11:08,19.9,55,7,SSE,17,1029.6,21.2,54,6,SSE,19,1029.3,IDCJDW2125.202604.csv
24/04/2026,14.9,22.6,0,4.6,7.3,ESE,26,10:34,19.5,62,1,S,9,1032.9,21,68,6,SSE,17,1031,IDCJDW2125.202604.csv
25/04/2026,14.6,25.2,1.2,4.4,9,ENE,33,14:06,18.7,77,3,NW,19,1032.1,24.2,49,1,NE,22,1027.4,IDCJDW2125.202604.csv
26/04/2026,14.3,24.7,0,5.2,10.1,NE,33,16:37,19.9,71,1,NW,13,1026.8,22.9,43,1,NE,24,1022.6,IDCJDW2125.202604.csv
27/04/2026,12.3,25,0,6,10.2,ENE,30,15:34,17.8,65,1,WNW,13,1025.1,23.3,49,2,ENE,20,1023.5,IDCJDW2125.202604.csv
28/04/2026,14,24.9,0,2.8,10.5,ENE,30,13:46,18.8,69,1,WNW,11,1028.2,23.1,47,1,ENE,19,1024.9,IDCJDW2125.202604.csv
29/04/2026,14.1,25.5,0,5.4,9.9,ENE,35,22:19,18.5,66,4,WNW,13,1029.4,23.7,57,6,ENE,20,1028,IDCJDW2125.202604.csv
30/04/2026,16.9,25,4,2,,NE,35,15:34,21.2,72,1,NW,9,1031.6,22.4,64,4,ENE,22,1028.7,IDCJDW2125.202604.csv
1/05/2026,15.6,23.7,,,,ENE,28,22:33,18.5,81,8,WNW,15,1030.2,22.9,54,5,ENE,17,1026.9,IDCJDW2125.202605.csv
2/05/2026,17.1,25.4,0.4,7.2,5.6,NNE,50,13:51,19.2,84,7,W,9,1026.2,23.9,62,7,NNE,28,1022.9,IDCJDW2125.202605.csv
3/05/2026,17.2,25.6,0,4,7.3,NNE,48,19:46,22.1,66,7,N,20,1022.8,24.7,57,7,NE,33,1018.7,IDCJDW2125.202605.csv
4/05/2026,18.1,22.1,0,4.8,1.5,N,35,19:28,20.5,71,7,NW,15,1017.8,21,72,7,NNE,22,1014.5,IDCJDW2125.202605.csv
5/05/2026,14.4,23.7,5.2,2.8,10.2,W,48,10:32,18.1,53,1,WNW,28,1019.2,22.3,43,1,SE,17,1017.1,IDCJDW2125.202605.csv
6/05/2026,12.4,21.7,0,4.4,9.1,WNW,24,10:05,17.3,56,1,NW,11,1020.9,21.3,61,3,SE,15,1016.9,IDCJDW2125.202605.csv
7/05/2026,12,18.7,0,2.8,9.2,W,63,16:07,17.3,47,1,NW,13,1014.2,16.5,28,2,WSW,37,1014.9,IDCJDW2125.202605.csv
8/05/2026,9.6,21,0,6.8,10.1,W,50,10:12,14.5,48,0,WNW,28,1018.5,20.2,34,1,W,33,1016,IDCJDW2125.202605.csv
9/05/2026,13.2,20,0,5.6,9.9,WNW,33,8:47,16.6,57,1,W,17,1025.1,19.8,51,1,SSE,15,1023.5,IDCJDW2125.202605.csv
10/05/2026,11.1,21.6,0,4,9.1,S,43,19:02,16.3,64,1,NW,11,1029.3,19.7,71,2,S,26,1028.1,IDCJDW2125.202605.csv
11/05/2026,13.5,22,0.4,2,7.3,SE,33,13:41,17.1,89,6,NNE,11,1033.8,21.1,67,3,SE,19,1032,IDCJDW2125.202605.csv
12/05/2026,16,22.2,2,2.6,4.7,SE,41,4:06,17.7,80,7,SSE,19,1035.3,20.7,59,2,SSE,22,1033.5,IDCJDW2125.202605.csv
13/05/2026,16.3,19.3,0.2,5.4,3.5,SE,37,15:19,17.7,85,7,SSE,19,1034.6,18.5,83,6,SE,26,1032.4,IDCJDW2125.202605.csv
14/05/2026,15.3,21.1,4.6,1.8,6.8,ESE,35,1:00,18.8,79,2,SSW,11,1033.3,17.4,85,6,S,17,1030.6,IDCJDW2125.202605.csv
15/05/2026,14.3,19.8,6,1.6,6.8,SW,26,11:24,17.2,91,5,W,9,1030.7,19.6,74,5,SE,17,1027.1,IDCJDW2125.202605.csv
16/05/2026,14.2,21.1,0.8,1.8,5.7,NNE,28,22:37,18.1,88,7,WNW,9,1026.3,20.8,77,7,SE,17,1023.3,IDCJDW2125.202605.csv
17/05/2026,16.1,21.3,0,1.4,0,NW,19,10:23,19,84,7,N,11,1022.4,21.2,70,7,N,9,1019.2,IDCJDW2125.202605.csv
18/05/2026,16.3,19.9,0.2,1,0.2,NW,28,9:42,17.6,88,8,NW,9,1018.9,19.7,78,8,NW,7,1016.3,IDCJDW2125.202605.csv
19/05/2026,16.4,20.2,8.2,0.6,1.1,SSW,52,15:58,18.5,88,6,WNW,17,1008.3,18.7,80,7,SSW,24,1007.4,IDCJDW2125.202605.csv
20/05/2026,13.2,18.7,0.6,2.2,9.9,SW,43,12:24,15.8,63,1,WSW,19,1017.9,17.7,52,3,SSW,24,1019,IDCJDW2125.202605.csv
21/05/2026,12.2,18.2,0,3.8,7.6,SSW,56,14:00,16.9,68,2,SSW,30,1027.3,17.5,70,5,SSW,35,1027.1,IDCJDW2125.202605.csv
22/05/2026,13.8,19.7,2.6,3.2,4.9,SSE,48,10:46,16.4,86,6,SW,26,1027.8,17.7,80,7,S,30,1025.9,IDCJDW2125.202605.csv
23/05/2026,15.6,20.2,2.4,3.2,0.9,SE,43,11:36,18.4,72,7,S,26,1028.1,16.8,95,8,S,24,1025.6,IDCJDW2125.202605.csv
24/05/2026,14.6,19.1,8.6,1.4,0.7,N,26,11:36,16.5,94,7,NW,9,1025.8,18.8,85,7,ESE,7,1023.8,IDCJDW2125.202605.csv
25/05/2026,16.5,20.1,10.2,1,0.6,WNW,20,7:13,18.1,95,7,WNW,11,1022.3,18.9,94,8,SE,11,1019.7,IDCJDW2125.202605.csv
26/05/2026,17.1,19.2,5.8,10.8,0,WNW,26,9:26,19.1,96,7,N,9,1020.2,19,95,7,SSE,13,1017.2,IDCJDW2125.202605.csv
27/05/2026,16.7,22.2,12.2,0.6,6.4,NW,22,9:52,17.8,95,6,NW,11,1019.8,21.1,78,6,SSE,9,1016.9,IDCJDW2125.202605.csv
28/05/2026,17.8,20.2,7.4,14,0.7,SSE,56,16:13,18.9,91,7,SSW,33,1013.1,19.1,92,8,SSW,24,1008.1,IDCJDW2125.202605.csv
29/05/2026,16.9,19.6,23.2,3.8,2.4,SSW,59,6:59,17.3,90,8,SW,37,1005.5,19.4,74,3,S,35,1002.7,IDCJDW2125.202605.csv
30/05/2026,11.2,20.9,0,2.6,6.8,WSW,46,1:25,12.8,65,7,W,15,1007.9,19.8,42,5,W,24,1006.2,IDCJDW2125.202605.csv
31/05/2026,10.6,20.3,0,2.8,,W,54,11:13,14.7,67,1,WNW,19,1009.5,19.8,36,2,WSW,30,1008.5,IDCJDW2125.202605.csv
1/06/2026,9.5,18.7,,,9.7,W,41,1:54,13.4,55,,W,19,1015.5,18.3,34,,NW,15,1011.8,IDCJDW2125.202606.csv
2/06/2026,11.5,19.1,2.4,7.2,1.4,NNW,63,15:56,15.3,55,7,N,20,1006.1,15.5,71,7,NNW,37,998.8,IDCJDW2125.202606.csv
3/06/2026,13.2,21.6,1.4,3.4,,WNW,63,12:50,18.8,50,1,N,22,1002.4,20.6,33,3,NW,39,1001.4,IDCJDW2125.202606.csv
4/06/2026,13.6,20.3,0,,,NW,52,14:19,17,54,1,NNW,19,1002.8,18.9,38,3,WNW,30,1000.2,IDCJDW2125.202606.csv
5/06/2026,11.8,18.1,0,11.4,7.7,WSW,50,10:56,14.4,59,3,W,30,1010.3,17.3,51,3,SSW,26,1013.2,IDCJDW2125.202606.csv
6/06/2026,10.2,18.5,0,2.6,9.7,WSW,41,1:14,12.2,62,1,W,17,1025,17,56,1,SSE,15,1024.8,IDCJDW2125.202606.csv
7/06/2026,8.9,19.9,0,2.6,8.7,NW,26,9:23,12.9,65,1,NW,15,1031.3,18.7,51,1,SSE,11,1029.4,IDCJDW2125.202606.csv
8/06/2026,9.6,20.2,0,2.4,8.2,ENE,26,14:57,13.8,76,1,NNW,9,1033.5,19.8,54,3,ENE,20,1031.2,IDCJDW2125.202606.csv
9/06/2026,12.1,21,0,4,8.3,NNE,35,15:33,16.2,77,1,NNW,9,1031.8,19.4,65,7,NE,28,1027.9,IDCJDW2125.202606.csv
10/06/2026,13.3,23.6,0,2.4,8.5,NNE,31,11:54,17.7,74,1,WNW,9,1028.7,21.7,62,7,NE,19,1025.8,IDCJDW2125.202606.csv
11/06/2026,15.9,20.3,1.8,3.6,2.1,S,48,15:17,17.8,87,7,NW,11,1031.5,18.8,82,7,S,26,1030.1,IDCJDW2125.202606.csv
12/06/2026,15.4,19.6,0,2.4,3.8,S,37,11:24,17.4,85,7,SSW,17,1033.3,18.7,83,5,S,22,1030.5,IDCJDW2125.202606.csv
13/06/2026,14.4,23.3,0,0.6,5.9,WNW,26,8:38,15.9,92,5,NW,11,1029.9,21.1,69,7,NNE,20,1025.4,IDCJDW2125.202606.csv
14/06/2026,15.5,21.9,0,2.2,1.7,S,48,15:40,17.2,80,7,NW,17,1027.8,21.2,64,6,NW,9,1026.9,IDCJDW2125.202606.csv
15/06/2026,16,19.6,5,2.6,0.9,S,44,3:16,17.7,62,7,SSE,17,1034,18.3,55,7,SSE,13,1031.7,IDCJDW2125.202606.csv
16/06/2026,12.1,22.1,0,2,9.3,N,31,11:46,14.6,83,3,NW,11,1031.4,21.9,52,1,N,13,1027.5,IDCJDW2125.202606.csv
17/06/2026,14,20.5,0,3,0.1,NW,30,11:42,15.8,79,7,WNW,15,1028.3,20,60,7,NNW,13,1024.2,IDCJDW2125.202606.csv
18/06/2026,12.7,21.9,0,0.8,0.7,NNE,37,22:38,14.9,88,7,NW,13,1021.2,21.1,54,8,N,26,1017.3,IDCJDW2125.202606.csv
19/06/2026,14.8,22.5,0,4.8,1.7,NNW,54,10:19,19.4,53,8,NNW,33,1011.9,21.1,48,7,NNW,31,1010.5,IDCJDW2125.202606.csv
20/06/2026,13,21.5,0,5.4,8.3,NW,37,10:38,16.7,57,1,NW,19,1020.6,19.5,42,6,WSW,13,1020,IDCJDW2125.202606.csv
21/06/2026,9.6,18.7,0,4,8.2,SW,37,21:07,12.5,71,1,NW,15,1028.1,17.4,54,6,SSE,13,1026.2,IDCJDW2125.202606.csv
22/06/2026,10.2,17.2,0,3.8,8.8,W,37,8:54,13.7,68,1,W,22,1027.1,16.1,65,4,S,20,1024.3,IDCJDW2125.202606.csv
23/06/2026,9.3,16.9,0,1.8,8.1,W,35,6:25,12.6,67,4,WSW,19,1027.4,15.8,53,6,S,22,1025.5,IDCJDW2125.202606.csv
24/06/2026,7.9,18.2,0,2.4,9.5,S,50,22:31,12.2,64,1,NW,13,1029.9,16.8,61,1,SSW,28,1029,IDCJDW2125.202606.csv
25/06/2026,11.6,15.4,7.2,3.6,0,S,50,5:37,13.7,93,7,NE,9,1034.4,14.3,90,8,SE,17,1033.1,IDCJDW2125.202606.csv
26/06/2026,11.9,15,12.8,1.2,0,SW,37,15:09,13.1,96,6,WNW,13,1033.5,13.7,91,7,SSW,19,1030.2,IDCJDW2125.202606.csv
27/06/2026,10.7,16.2,1.4,0.2,1.6,NE,37,23:47,12.5,88,6,W,11,1030.5,13.8,90,6,SSW,9,1028.7,IDCJDW2125.202606.csv
28/06/2026,11.9,16.1,17,1,0.2,SW,39,6:28,13.5,94,6,SW,17,1031.5,14.4,84,6,S,4,1029.8,IDCJDW2125.202606.csv
29/06/2026,12.1,18.8,22.6,3.4,3.5,NE,26,15:15,13.5,95,7,N,2,1030.6,17.5,69,7,NE,17,1026.6,IDCJDW2125.202606.csv
30/06/2026,10.8,18.8,0,2,0.5,NNE,31,16:37,11.3,94,8,WNW,11,1023.3,18.1,66,8,N,20,1018.4,IDCJDW2125.202606.csv
1/07/2026,11.2,21.3,1.2,1.8,2,N,52,23:20,17.6,70,7,N,20,1019,20.8,58,7,NNE,19,1014.4,IDCJDW2125.202607.csv
2/07/2026,14.7,23.5,0.6,3.8,7.1,NNW,50,11:39,18.7,65,1,N,22,1014.2,23.1,34,1,NNW,28,1011.7,IDCJDW2125.202607.csv
3/07/2026,13,20,0,7,9.8,W,59,14:26,17.4,45,1,NNW,28,1014.8,18.7,31,1,W,39,1015.7,IDCJDW2125.202607.csv
4/07/2026,9.2,18.3,0,4.2,9.8,SW,39,11:26,13,63,0,WNW,17,1025.8,17.7,45,0,SE,13,1025,IDCJDW2125.202607.csv
5/07/2026,8.4,14.8,0,4,1.6,SE,56,21:48,13.5,63,6,SW,30,1033.6,13.8,77,7,SSW,37,1033.3,IDCJDW2125.202607.csv
6/07/2026,11.9,15,7,2.6,3.4,S,54,8:57,13.1,87,7,S,37,1036.4,14,89,7,SSW,24,1034.3,IDCJDW2125.202607.csv
7/07/2026,11.3,15.4,9,0.6,1.5,SSW,48,11:53,12.8,86,7,SSW,24,1034.6,14.7,83,7,SSW,30,1032.9,IDCJDW2125.202607.csv
8/07/2026,10.8,16.5,0,1.6,6.9,SSW,44,14:59,12.6,83,7,WSW,15,1032.9,15.6,75,6,S,31,1030.1,IDCJDW2125.202607.csv
9/07/2026,10.7,16.6,5.2,2,5.4,SSW,39,18:15,12.8,89,5,WNW,17,1030.1,15.1,76,6,SE,15,1027.7,IDCJDW2125.202607.csv
10/07/2026,9.2,16,3.4,4.8,3.8,SW,33,11:18,12.5,83,7,NW,13,1027,14.5,84,7,SSW,15,1023.2,IDCJDW2125.202607.csv
11/07/2026,8.2,18.8,0,3.4,9.3,N,28,21:56,11.3,83,7,WNW,15,1021.5,18.1,56,2,SSE,13,1015.4,IDCJDW2125.202607.csv
12/07/2026,10,17.7,0.4,2.2,8.9,WNW,70,11:13,12.3,62,1,NW,35,1013,17.1,33,1,WSW,22,1012.6,IDCJDW2125.202607.csv
13/07/2026,8.6,20.6,0,4.2,9.8,WNW,52,10:25,14.9,49,1,WNW,7,1019.1,20.3,33,1,WNW,20,1016.5,IDCJDW2125.202607.csv
14/07/2026,9.2,20.7,0,4,9.5,W,46,15:12,14.6,50,3,NNW,20,1022.2,20.4,37,3,W,22,1020.3,IDCJDW2125.202607.csv
15/07/2026,11.8,16.2,0,3.8,9,WSW,46,0:58,13.9,60,1,SW,19,1032.3,15.6,58,1,SSW,30,1032.3,IDCJDW2125.202607.csv
16/07/2026,9.9,16.2,0,3.4,,SSW,56,16:05,14.8,72,6,SSW,37,1035.1,15.8,73,6,SSW,35,1033.4,IDCJDW2125.202607.csv
17/07/2026,12.2,15.7,19,,,SW,39,12:51,13.9,95,8,W,9,1034.4,14.5,93,8,SSW,20,1032.3,IDCJDW2125.202607.csv
18/07/2026,10.7,19.3,3.6,,7.4,SE,30,14:00,13.1,93,5,NW,9,1032.7,18.4,60,7,SE,19,1030.9,IDCJDW2125.202607.csv
19/07/2026,13.1,18,0.2,2.8,,SSW,41,10:03,15.9,77,7,SSW,19,1033.7,16.9,77,7,SSW,11,1032.4,IDCJDW2125.202607.csv
20/07/2026,10.7,19.9,0,,,NNE,28,12:15,14.3,71,6,NW,13,1033.5,18.4,53,,NNE,17,1029.7,IDCJDW2125.202607.csv
21/07/2026,8.5,20,0,,9.7,NE,33,16:10,12.1,77,3,NW,13,1030.6,19.5,55,3,NE,26,1026.4,IDCJDW2125.202607.csv
22/07/2026,9.3,21.3,0,3.2,9.4,W,33,13:29,12.2,73,3,NW,17,1023.7,20.1,37,6,WSW,19,1020.7,IDCJDW2125.202607.csv
23/07/2026,10.1,19.7,0,3.6,9.8,W,63,19:04,13.9,65,1,WNW,9,1021.6,19.1,34,3,WSW,31,1018.5,IDCJDW2125.202607.csv
24/07/2026,7.2,16,0,4.6,10.2,WSW,48,2:17,11,45,1,WSW,30,1025.6,15.2,42,1,SSE,19,1024.3,IDCJDW2125.202607.csv
25/07/2026,5.9,21.3,0,3.6,7.9,WSW,41,0:25,10.2,58,0,WNW,15,1024.2,21.2,33,,WNW,15,1020.7,IDCJDW2125.202607.csv
26/07/2026,9.6,17.1,0,6.8,10,WSW,35,1:20,13.1,61,1,W,17,1024.8,16.1,66,6,S,13,1023.4,IDCJDW2125.202607.csv
27/07/2026,9.5,19.6,0,2.2,,N,31,14:39,12.3,63,3,NW,13,1027.8,18.9,51,3,NNE,15,1024.2,IDCJDW2125.202607.csv
28/07/2026,9.2,21.5,0,,,NNW,43,13:01,12.5,78,,NW,15,1023.2,20.7,29,,NW,26,1018.3,IDCJDW2125.202607.csv
29/07/2026,11.1,19.3,0,6.4,10.1,W,61,15:18,16.6,48,1,WNW,15,1017.4,18.5,19,1,W,41,1016.8,IDCJDW2125.202607.csv
30/07/2026,8.3,15.4,0,5.2,10.1,WNW,41,6:24,11.7,54,1,WSW,20,1027.2,14.4,49,1,S,26,1026.2,IDCJDW2125.202607.csv
31/07/2026,7.1,16.3,0,3.4,9.5,SSW,43,18:36,11.3,57,1,NW,13,1031.8,15.4,63,1,S,22,1030.3,IDCJDW2125.202607.csv
1/08/2026,8.6,18,3.8,2.8,1.7,WNW,28,12:21,11.2,92,7,NW,15,1034.1,15.6,76,6,SSW,13,1031.8,IDCJDW2125.202608.csv
2/08/2026,9.4,19,0.2,2,9.6,NE,33,15:12,13.2,82,1,NW,11,1032.1,17.9,60,2,NE,24,1028.2,IDCJDW2125.202608.csv
3/08/2026,9.1,22.7,0,2.4,3.4,N,33,15:06,10.8,79,7,WNW,15,1026.2,22.2,40,5,N,22,1021.4,IDCJDW2125.202608.csv
4/08/2026,8.5,19.5,0,3.2,10.3,SW,39,18:11,13.1,59,1,WNW,15,1023.5,18.7,28,1,W,13,1019.6,IDCJDW2125.202608.csv
5/08/2026,7.3,17.6,0,3.4,10.3,WSW,50,15:16,11.3,54,1,WNW,19,1022.5,16.7,35,2,WSW,33,1019.2,IDCJDW2125.202608.csv
6/08/2026,7.6,18.4,0,3.6,7.4,WNW,30,9:14,9.5,66,4,WNW,17,1024.8,17.1,30,3,NW,13,1021.9,IDCJDW2125.202608.csv
7/08/2026,8.1,17.2,0,3.6,9.9,WNW,33,9:45,13.1,53,0,WNW,19,1023.9,15.8,50,1,S,22,1021.5,IDCJDW2125.202608.csv
8/08/2026,9.9,19.5,0,3.6,8.3,E,30,15:07,13,52,4,NW,17,1024.5,16.5,52,3,E,19,1020.3,IDCJDW2125.202608.csv
9/08/2026,8.3,19.4,0,3.6,3,NNW,37,13:15,11.9,76,7,NW,13,1017.3,17.5,52,8,N,24,1012,IDCJDW2125.202608.csv
10/08/2026,11.5,17.7,5.2,2.4,5,NNW,81,12:02,14.5,60,1,NNW,35,1001.4,15.2,47,7,NW,44,998,IDCJDW2125.202608.csv
11/08/2026,12.9,21.6,0.2,5.4,10.5,W,52,11:04,16.6,46,1,W,33,1009.6,20.4,33,,W,24,1008.6,IDCJDW2125.202608.csv
12/08/2026,8.4,20,0,5,7.2,WSW,67,15:05,13.5,63,6,W,15,1013.1,18.3,34,6,W,26,1011.7,IDCJDW2125.202608.csv
13/08/2026,10.8,19.4,0.2,3.6,10.6,WSW,43,7:15,14.9,49,1,WSW,28,1021.6,18.6,39,1,SE,20,1021.1,IDCJDW2125.202608.csv
14/08/2026,9.3,20.9,0,4.6,10.5,WNW,35,9:30,13.7,58,1,W,24,1027.9,19,46,1,E,17,1025.7,IDCJDW2125.202608.csv
15/08/2026,10.5,16.8,0,5.2,0.4,S,39,13:25,14.3,82,7,WNW,7,1031.6,15.9,72,7,S,24,1030.6,IDCJDW2125.202608.csv
16/08/2026,10.3,18.8,10.2,0.2,8.2,SE,35,7:37,16.3,65,4,SE,24,1034.6,17.2,49,6,SE,19,1033.9,IDCJDW2125.202608.csv
17/08/2026,12.4,17.4,8.6,5.3,,SE,35,9:01,14.2,88,7,SSE,9,1037.8,16.7,69,7,SE,19,1036.4,IDCJDW2125.202608.csv
18/08/2026,10.6,19.2,6.6,,,E,31,11:59,13.8,90,8,WNW,7,1037.6,18.5,51,3,E,19,1034.7,IDCJDW2125.202608.csv
19/08/2026,10.9,20.2,0.6,4.6,8.1,NNE,41,16:16,14.8,84,5,NW,13,1034.2,18.6,63,2,NE,26,1029.4,IDCJDW2125.202608.csv
20/08/2026,11.1,22.6,0.2,4,4.3,N,28,14:20,15.2,73,6,WNW,9,1028.4,21.6,52,7,NE,13,1023.4,IDCJDW2125.202608.csv
21/08/2026,15,23.9,0.2,3.4,7.7,WNW,31,12:59,16.7,72,6,W,13,1022.9,22.8,46,7,ENE,13,1019.2,IDCJDW2125.202608.csv
22/08/2026,11.1,23.6,0,4,10.8,W,39,11:07,16.2,60,1,W,15,1021.5,20.4,47,1,SSE,22,1018.9,IDCJDW2125.202608.csv
23/08/2026,12.8,20.9,0,4.2,6.7,NE,37,13:48,15.3,60,6,NW,13,1028.2,20.3,47,3,NNE,28,1025,IDCJDW2125.202608.csv
24/08/2026,12.5,22.5,0,3.2,10.5,NE,46,16:47,18.3,68,3,NW,9,1025.7,20.8,63,,NE,31,1020.5,IDCJDW2125.202608.csv
25/08/2026,15.5,21.3,0,5.2,0.3,NNE,37,8:38,20.6,54,7,NNE,20,1019,17.8,89,8,NNE,30,1016.4,IDCJDW2125.202608.csv
26/08/2026,14.9,18,9,2.2,3.3,SSW,48,10:44,16.5,86,7,SSW,30,1020.3,17.2,76,3,S,31,1021.1,IDCJDW2125.202608.csv
27/08/2026,12.8,17.9,1.4,3.2,6.2,SSE,30,4:57,15,85,7,WSW,11,1027.9,17.3,63,1,SE,19,1026,IDCJDW2125.202608.csv
28/08/2026,10.4,18.2,0.2,2.4,10.3,S,35,16:30,14.8,74,0,WSW,13,1027.8,17,71,1,SSE,28,1026,IDCJDW2125.202608.csv
29/08/2026,10.7,18.7,0,3.2,10.3,S,30,13:08,16.2,66,1,WSW,7,1031.2,18.1,64,2,ESE,15,1029,IDCJDW2125.202608.csv
30/08/2026,10,20.4,0,3.4,10.7,NNW,24,9:11,15.1,74,0,NW,19,1031.1,19.5,52,0,SSE,13,1029,IDCJDW2125.202608.csv
31/08/2026,10.3,22.5,0,4,10.8,ENE,26,16:09,16.6,63,0,NW,11,1031.5,21,49,1,E,17,1028.6,IDCJDW2125.202608.csv
