Product code,Bureau of Meteorology station number,Year,Month,Day,Minimum temperature (Degree C),Days of accumulation of minimum temperature,Quality
IDCJAC0011,066037,2026,01,01,17.7,1,N
IDCJAC0011,066037,2026,01,02,17.2,1,N
IDCJAC0011,066037,2026,01,03,17.8,1,N
IDCJAC0011,066037,2026,01,04,19.7,1,N
IDCJAC0011,066037,2026,01,05,19.5,1,N
IDCJAC0011,066037,2026,01,06,20.3,1,N
IDCJAC0011,066037,2026,01,07,21.1,1,N
IDCJAC0011,066037,2026,01,08,22.8,1,N
IDCJAC0011,066037,2026,01,09,22.7,1,N
IDCJAC0011,066037,2026,01,10,23.9,1,N
IDCJAC0011,066037,2026,01,11,20.9,1,N
IDCJAC0011,066037,2026,01,12,18.1,1,N
IDCJAC0011,066037,2026,01,13,18.0,1,N
IDCJAC0011,066037,2026,01,14,21.2,1,N
IDCJAC0011,066037,2026,01,15,21.6,1,N
IDCJAC0011,066037,2026,01,16,20.1,1,N
IDCJAC0011,066037,2026,01,17,20.6,1,N
IDCJAC0011,066037,2026,01,18,19.0,1,N
IDCJAC0011,066037,2026,01,19,18.0,1,N
IDCJAC0011,066037,2026,01,20,17.4,1,N
IDCJAC0011,066037,2026,01,21,17.9,1,N
IDCJAC0011,066037,2026,01,22,18.8,1,N
IDCJAC0011,066037,2026,01,23,18.0,1,N
IDCJAC0011,066037,2026,01,24,18.3,1,N
IDCJAC0011,066037,2026,01,25,21.0,1,N
IDCJAC0011,066037,2026,01,26,21.6,1,N
IDCJAC0011,066037,2026,01,27,19.8,1,N
IDCJAC0011,066037,2026,01,28,19.0,1,N
IDCJAC0011,066037,2026,01,29,21.7,1,N
IDCJAC0011,066037,2026,01,30,22.2,1,N
IDCJAC0011,066037,2026,01,31,22.9,1,N
IDCJAC0011,066037,2026,02,01,23.4,1,N
IDCJAC0011,066037,2026,02,02,17.6,1,N
IDCJAC0011,066037,2026,02,03,16.4,1,N
IDCJAC0011,066037,2026,02,04,18.0,1,N
IDCJAC0011,066037,2026,02,05,20.4,1,N
IDCJAC0011,066037,2026,02,06,20.5,1,N
IDCJAC0011,066037,2026,02,07,22.3,1,N
IDCJAC0011,066037,2026,02,08,23.1,1,N
IDCJAC0011,066037,2026,02,09,21.6,1,N
IDCJAC0011,066037,2026,02,10,21.3,1,N
IDCJAC0011,066037,2026,02,11,21.6,1,N
IDCJAC0011,066037,2026,02,12,22.6,1,N
IDCJAC0011,066037,2026,02,13,17.5,1,N
IDCJAC0011,066037,2026,02,14,17.6,1,N
IDCJAC0011,066037,2026,02,15,17.4,1,N
IDCJAC0011,066037,2026,02,16,17.4,1,N
IDCJAC0011,066037,2026,02,17,18.4,1,N
IDCJAC0011,066037,2026,02,18,21.2,1,N
IDCJAC0011,066037,2026,02,19,20.5,1,N
IDCJAC0011,066037,2026,02,20,21.5,1,N
IDCJAC0011,066037,2026,02,21,22.4,1,N
IDCJAC0011,066037,2026,02,22,22.3,1,N
IDCJAC0011,066037,2026,02,23,23.0,1,N
IDCJAC0011,066037,2026,02,24,21.5,1,N
IDCJAC0011,066037,2026,02,25,23.4,1,N
IDCJAC0011,066037,2026,02,26,19.6,1,N
IDCJAC0011,066037,2026,02,27,20.1,1,N
IDCJAC0011,066037,2026,02,28,20.6,1,N
IDCJAC0011,066037,2026,03,01,20.1,1,N
IDCJAC0011,066037,2026,03,02,21.3,1,N
IDCJAC0011,066037,2026,03,03,21.3,1,N
IDCJAC0011,066037,2026,03,04,21.5,1,N
IDCJAC0011,066037,2026,03,05,22.0,1,N
IDCJAC0011,066037,2026,03,06,22.2,1,N
IDCJAC0011,066037,2026,03,07,23.3,1,N
IDCJAC0011,066037,2026,03,08,19.9,1,N
IDCJAC0011,066037,2026,03,09,20.2,1,N
IDCJAC0011,066037,2026,03,10,20.2,1,N
IDCJAC0011,066037,2026,03,11,20.2,1,N
IDCJAC0011,066037,2026,03,12,21.9,1,N
IDCJAC0011,066037,2026,03,13,17.7,1,N
IDCJAC0011,066037,2026,03,14,17.4,1,N
IDCJAC0011,066037,2026,03,15,16.5,1,N
IDCJAC0011,066037,2026,03,16,19.2,1,N
IDCJAC0011,066037,2026,03,17,21.7,1,N
IDCJAC0011,066037,2026,03,18,20.1,1,N
IDCJAC0011,066037,2026,03,19,20.0,1,N
IDCJAC0011,066037,2026,03,20,19.2,1,N
IDCJAC0011,066037,2026,03,21,20.1,1,N
IDCJAC0011,066037,2026,03,22,18.6,1,N
IDCJAC0011,066037,2026,03,23,19.8,1,N
IDCJAC0011,066037,2026,03,24,20.0,1,N
IDCJAC0011,066037,2026,03,25,19.8,1,N
IDCJAC0011,066037,2026,03,26,20.1,1,N
IDCJAC0011,066037,2026,03,27,12.4,1,N
IDCJAC0011,066037,2026,03,28,12.0,1,N
IDCJAC0011,066037,2026,03,29,15.2,1,N
IDCJAC0011,066037,2026,03,30,16.4,1,N
IDCJAC0011,066037,2026,03,31,16.2,1,N
IDCJAC0011,066037,2026,04,01,17.5,1,N
IDCJAC0011,066037,2026,04,02,17.6,1,N
IDCJAC0011,066037,2026,04,03,18.2,1,N
IDCJAC0011,066037,2026,04,04,18.0,1,N
IDCJAC0011,066037,2026,04,05,16.0,1,N
IDCJAC0011,066037,2026,04,06,14.5,1,N
IDCJAC0011,066037,2026,04,07,14.6,1,N
IDCJAC0011,066037,2026,04,08,17.6,1,N
IDCJAC0011,066037,2026,04,09,18.7,1,N
IDCJAC0011,066037,2026,04,10,20.0,1,N
IDCJAC0011,066037,2026,04,11,18.9,1,N
IDCJAC0011,066037,2026,04,12,12.0,1,N
IDCJAC0011,066037,2026,04,13,12.4,1,N
IDCJAC0011,066037,2026,04,14,13.3,1,N
IDCJAC0011,066037,2026,04,15,12.6,1,N
IDCJAC0011,066037,2026,04,16,14.7,1,N
IDCJAC0011,066037,2026,04,17,14.8,1,N
IDCJAC0011,066037,2026,04,18,12.1,1,N
IDCJAC0011,066037,2026,04,19,10.3,1,N
IDCJAC0011,066037,2026,04,20,11.8,1,N
IDCJAC0011,066037,2026,04,21,15.7,1,N
IDCJAC0011,066037,2026,04,22,16.4,1,N
IDCJAC0011,066037,2026,04,23,13.7,1,N
IDCJAC0011,066037,2026,04,24,14.9,1,N
IDCJAC0011,066037,2026,04,25,14.6,1,N
IDCJAC0011,066037,2026,04,26,14.3,1,N
IDCJAC0011,066037,2026,04,27,12.3,1,N
IDCJAC0011,066037,2026,04,28,14.0,1,N
IDCJAC0011,066037,2026,04,29,14.1,1,N
IDCJAC0011,066037,2026,04,30,16.9,1,N
IDCJAC0011,066037,2026,05,01,15.6,1,N
IDCJAC0011,066037,2026,05,02,17.1,1,N
IDCJAC0011,066037,2026,05,03,17.2,1,N
IDCJAC0011,066037,2026,05,04,18.1,1,N
IDCJAC0011,066037,2026,05,05,14.4,1,N
IDCJAC0011,066037,2026,05,06,12.4,1,N
IDCJAC0011,066037,2026,05,07,12.0,1,N
IDCJAC0011,066037,2026,05,08,9.6,1,N
IDCJAC0011,066037,2026,05,09,13.2,1,N
IDCJAC0011,066037,2026,05,10,11.1,1,N
IDCJAC0011,066037,2026,05,11,13.5,1,N
IDCJAC0011,066037,2026,05,12,16.0,1,N
IDCJAC0011,066037,2026,05,13,16.3,1,N
IDCJAC0011,066037,2026,05,14,15.3,1,N
IDCJAC0011,066037,2026,05,15,14.3,1,N
IDCJAC0011,066037,2026,05,16,14.2,1,N
IDCJAC0011,066037,2026,05,17,16.1,1,N
IDCJAC0011,066037,2026,05,18,16.3,1,N
IDCJAC0011,066037,2026,05,19,16.4,1,N
IDCJAC0011,066037,2026,05,20,13.2,1,N
IDCJAC0011,066037,2026,05,21,12.2,1,N
IDCJAC0011,066037,2026,05,22,13.8,1,N
IDCJAC0011,066037,2026,05,23,15.6,1,N
IDCJAC0011,066037,2026,05,24,14.6,1,N
IDCJAC0011,066037,2026,05,25,16.5,1,N
IDCJAC0011,066037,2026,05,26,17.1,1,N
IDCJAC0011,066037,2026,05,27,16.7,1,N
IDCJAC0011,066037,2026,05,28,17.8,1,N
IDCJAC0011,066037,2026,05,29,16.9,1,N
IDCJAC0011,066037,2026,05,30,11.2,1,N
IDCJAC0011,066037,2026,05,31,10.6,1,N
IDCJAC0011,066037,2026,06,01,9.5,1,N
IDCJAC0011,066037,2026,06,02,11.5,1,N
IDCJAC0011,066037,2026,06,03,13.2,1,N
IDCJAC0011,066037,2026,06,04,13.6,1,N
IDCJAC0011,066037,2026,06,05,11.8,1,N
IDCJAC0011,066037,2026,06,06,10.2,1,N
IDCJAC0011,066037,2026,06,07,8.9,1,N
IDCJAC0011,066037,2026,06,08,9.6,1,N
IDCJAC0011,066037,2026,06,09,12.1,1,N
IDCJAC0011,066037,2026,06,10,13.3,1,N
IDCJAC0011,066037,2026,06,11,15.9,1,N
IDCJAC0011,066037,2026,06,12,15.4,1,N
IDCJAC0011,066037,2026,06,13,14.4,1,N
IDCJAC0011,066037,2026,06,14,15.5,1,N
IDCJAC0011,066037,2026,06,15,16.0,1,N
IDCJAC0011,066037,2026,06,16,12.1,1,N
IDCJAC0011,066037,2026,06,17,14.0,1,N
IDCJAC0011,066037,2026,06,18,12.7,1,N
IDCJAC0011,066037,2026,06,19,14.8,1,N
IDCJAC0011,066037,2026,06,20,13.0,1,N
IDCJAC0011,066037,2026,06,21,9.6,1,N
IDCJAC0011,066037,2026,06,22,10.2,1,N
IDCJAC0011,066037,2026,06,23,9.3,1,N
IDCJAC0011,066037,2026,06,24,7.9,1,N
IDCJAC0011,066037,2026,06,25,11.6,1,N
IDCJAC0011,066037,2026,06,26,11.9,1,N
IDCJAC0011,066037,2026,06,27,10.7,1,N
IDCJAC0011,066037,2026,06,28,11.9,1,N
IDCJAC0011,066037,2026,06,29,12.1,1,N
IDCJAC0011,066037,2026,06,30,10.8,1,N
IDCJAC0011,066037,2026,07,01,11.2,1,N
IDCJAC0011,066037,2026,07,02,14.7,1,N
IDCJAC0011,066037,2026,07,03,13.0,1,N
IDCJAC0011,066037,2026,07,04,9.2,1,N
IDCJAC0011,066037,2026,07,05,8.4,1,N
IDCJAC0011,066037,2026,07,06,11.9,1,N
IDCJAC0011,066037,2026,07,07,11.3,1,N
IDCJAC0011,066037,2026,07,08,10.8,1,N
IDCJAC0011,066037,2026,07,09,10.7,1,N
IDCJAC0011,066037,2026,07,10,9.2,1,N
IDCJAC0011,066037,2026,07,11,8.2,1,N
IDCJAC0011,066037,2026,07,12,10.0,1,N
IDCJAC0011,066037,2026,07,13,8.6,1,N
IDCJAC0011,066037,2026,07,14,9.2,1,N
IDCJAC0011,066037,2026,07,15,11.8,1,N
IDCJAC0011,066037,2026,07,16,9.9,1,N
IDCJAC0011,066037,2026,07,17,12.2,1,N
IDCJAC0011,066037,2026,07,18,10.7,1,N
IDCJAC0011,066037,2026,07,19,13.1,1,N
IDCJAC0011,066037,2026,07,20,10.7,1,N
IDCJAC0011,066037,2026,07,21,8.5,1,N
IDCJAC0011,066037,2026,07,22,9.3,1,N
IDCJAC0011,066037,2026,07,23,10.1,1,N
IDCJAC0011,066037,2026,07,24,7.2,1,N
IDCJAC0011,066037,2026,07,25,5.9,1,N
IDCJAC0011,066037,2026,07,26,9.6,1,N
IDCJAC0011,066037,2026,07,27,9.5,1,N
IDCJAC0011,066037,2026,07,28,9.2,1,N
IDCJAC0011,066037,2026,07,29,11.1,1,N
IDCJAC0011,066037,2026,07,30,8.3,1,N
IDCJAC0011,066037,2026,07,31,7.1,1,N
IDCJAC0011,066037,2026,08,01,8.6,1,N
IDCJAC0011,066037,2026,08,02,9.4,1,N
IDCJAC0011,066037,2026,08,03,9.1,1,N
IDCJAC0011,066037,2026,08,04,8.5,1,N
IDCJAC0011,066037,2026,08,05,7.3,1,N
IDCJAC0011,066037,2026,08,06,7.6,1,N
IDCJAC0011,066037,2026,08,07,8.1,1,N
IDCJAC0011,066037,2026,08,08,9.9,1,N
IDCJAC0011,066037,2026,08,09,8.3,1,N
IDCJAC0011,066037,2026,08,10,11.5,1,N
IDCJAC0011,066037,2026,08,11,12.9,1,N
IDCJAC0011,066037,2026,08,12,8.4,1,N
IDCJAC0011,066037,2026,08,13,10.8,1,N
IDCJAC0011,066037,2026,08,14,9.3,1,N
IDCJAC0011,066037,2026,08,15,10.5,1,N
IDCJAC0011,066037,2026,08,16,10.3,1,N
IDCJAC0011,066037,2026,08,17,12.4,1,N
IDCJAC0011,066037,2026,08,18,10.6,1,N
IDCJAC0011,066037,2026,08,19,10.9,1,N
IDCJAC0011,066037,2026,08,20,11.1,1,N
IDCJAC0011,066037,2026,08,21,15.0,1,N
IDCJAC0011,066037,2026,08,22,11.1,1,N
IDCJAC0011,066037,2026,08,23,12.8,1,N
IDCJAC0011,066037,2026,08,24,12.5,1,N
IDCJAC0011,066037,2026,08,25,15.5,1,N
IDCJAC0011,066037,2026,08,26,14.9,1,N
IDCJAC0011,066037,2026,08,27,12.8,1,N
IDCJAC0011,066037,2026,08,28,10.4,1,N
IDCJAC0011,066037,2026,08,29,10.7,1,N
IDCJAC0011,066037,2026,08,30,10.0,1,N
IDCJAC0011,066037,2026,08,31,10.3,1,N
IDCJAC0011,066037,2026,09,01,11.5,1,N
IDCJAC0011,066037,2026,09,02,17.1,1,N
IDCJAC0011,066037,2026,09,03,19.3,1,N
IDCJAC0011,066037,2026,09,04,13.4,1,N
IDCJAC0011,066037,2026,09,05,14.7,1,N
IDCJAC0011,066037,2026,09,06,15.3,1,N
IDCJAC0011,066037,2026,09,07,13.8,1,N
IDCJAC0011,066037,2026,09,08,11.9,1,N
IDCJAC0011,066037,2026,09,09,10.0,1,N
IDCJAC0011,066037,2026,09,10,10.5,1,N
IDCJAC0011,066037,2026,09,11,10.6,1,N
IDCJAC0011,066037,2026,09,12,10.4,1,N
IDCJAC0011,066037,2026,09,13,12.6,1,N
IDCJAC0011,066037,2026,09,14,14.1,1,N
IDCJAC0011,066037,2026,09,15,15.0,1,N
IDCJAC0011,066037,2026,09,16,11.4,1,N
IDCJAC0011,066037,2026,09,17,9.2,1,N
IDCJAC0011,066037,2026,09,18,9.1,1,N
